--
-- PostgreSQL database dump
--

-- Dumped from database version 11.5
-- Dumped by pg_dump version 11.5

SET statement_timeout = 0;
SET lock_timeout = 0;
SET idle_in_transaction_session_timeout = 0;
SET client_encoding = 'UTF8';
SET standard_conforming_strings = on;
SELECT pg_catalog.set_config('search_path', '', false);
SET check_function_bodies = false;
SET xmloption = content;
SET client_min_messages = warning;
SET row_security = off;

SET default_tablespace = '';

SET default_with_oids = false;

--
-- Name: alembic_version; Type: TABLE; Schema: public; Owner: kat
--

CREATE TABLE public.alembic_version (
    version_num character varying(32) NOT NULL
);


ALTER TABLE public.alembic_version OWNER TO kat;

--
-- Name: customers; Type: TABLE; Schema: public; Owner: kat
--

CREATE TABLE public.customers (
    id integer NOT NULL,
    first_name character varying(120) NOT NULL,
    last_name character varying(120) NOT NULL,
    address character varying(120) NOT NULL,
    phone character varying(120) NOT NULL
);


ALTER TABLE public.customers OWNER TO kat;

--
-- Name: customers_id_seq; Type: SEQUENCE; Schema: public; Owner: kat
--

CREATE SEQUENCE public.customers_id_seq
    AS integer
    START WITH 1
    INCREMENT BY 1
    NO MINVALUE
    NO MAXVALUE
    CACHE 1;


ALTER TABLE public.customers_id_seq OWNER TO kat;

--
-- Name: customers_id_seq; Type: SEQUENCE OWNED BY; Schema: public; Owner: kat
--

ALTER SEQUENCE public.customers_id_seq OWNED BY public.customers.id;


--
-- Name: menu_items; Type: TABLE; Schema: public; Owner: kat
--

CREATE TABLE public.menu_items (
    id integer NOT NULL,
    provider_id integer NOT NULL,
    name character varying(120) NOT NULL,
    description character varying(120) NOT NULL,
    price double precision NOT NULL,
    image_link character varying(500)
);


ALTER TABLE public.menu_items OWNER TO kat;

--
-- Name: menu_items_id_seq; Type: SEQUENCE; Schema: public; Owner: kat
--

CREATE SEQUENCE public.menu_items_id_seq
    AS integer
    START WITH 1
    INCREMENT BY 1
    NO MINVALUE
    NO MAXVALUE
    CACHE 1;


ALTER TABLE public.menu_items_id_seq OWNER TO kat;

--
-- Name: menu_items_id_seq; Type: SEQUENCE OWNED BY; Schema: public; Owner: kat
--

ALTER SEQUENCE public.menu_items_id_seq OWNED BY public.menu_items.id;


--
-- Name: order_items; Type: TABLE; Schema: public; Owner: kat
--

CREATE TABLE public.order_items (
    order_id integer NOT NULL,
    menu_item_id integer NOT NULL
);


ALTER TABLE public.order_items OWNER TO kat;

--
-- Name: orders; Type: TABLE; Schema: public; Owner: kat
--

CREATE TABLE public.orders (
    id integer NOT NULL,
    customer_id integer NOT NULL,
    status character varying(120) NOT NULL,
    created_at timestamp without time zone DEFAULT now() NOT NULL
);


ALTER TABLE public.orders OWNER TO kat;

--
-- Name: orders_id_seq; Type: SEQUENCE; Schema: public; Owner: kat
--

CREATE SEQUENCE public.orders_id_seq
    AS integer
    START WITH 1
    INCREMENT BY 1
    NO MINVALUE
    NO MAXVALUE
    CACHE 1;


ALTER TABLE public.orders_id_seq OWNER TO kat;

--
-- Name: orders_id_seq; Type: SEQUENCE OWNED BY; Schema: public; Owner: kat
--

ALTER SEQUENCE public.orders_id_seq OWNED BY public.orders.id;


--
-- Name: providers; Type: TABLE; Schema: public; Owner: kat
--

CREATE TABLE public.providers (
    id integer NOT NULL,
    name character varying(120) NOT NULL,
    address character varying(120) NOT NULL,
    phone character varying(120) NOT NULL,
    description character varying(120) NOT NULL,
    image_link character varying(500)
);


ALTER TABLE public.providers OWNER TO kat;

--
-- Name: providers_id_seq; Type: SEQUENCE; Schema: public; Owner: kat
--

CREATE SEQUENCE public.providers_id_seq
    AS integer
    START WITH 1
    INCREMENT BY 1
    NO MINVALUE
    NO MAXVALUE
    CACHE 1;


ALTER TABLE public.providers_id_seq OWNER TO kat;

--
-- Name: providers_id_seq; Type: SEQUENCE OWNED BY; Schema: public; Owner: kat
--

ALTER SEQUENCE public.providers_id_seq OWNED BY public.providers.id;


--
-- Name: customers id; Type: DEFAULT; Schema: public; Owner: kat
--

ALTER TABLE ONLY public.customers ALTER COLUMN id SET DEFAULT nextval('public.customers_id_seq'::regclass);


--
-- Name: menu_items id; Type: DEFAULT; Schema: public; Owner: kat
--

ALTER TABLE ONLY public.menu_items ALTER COLUMN id SET DEFAULT nextval('public.menu_items_id_seq'::regclass);


--
-- Name: orders id; Type: DEFAULT; Schema: public; Owner: kat
--

ALTER TABLE ONLY public.orders ALTER COLUMN id SET DEFAULT nextval('public.orders_id_seq'::regclass);


--
-- Name: providers id; Type: DEFAULT; Schema: public; Owner: kat
--

ALTER TABLE ONLY public.providers ALTER COLUMN id SET DEFAULT nextval('public.providers_id_seq'::regclass);


--
-- Data for Name: alembic_version; Type: TABLE DATA; Schema: public; Owner: kat
--

COPY public.alembic_version (version_num) FROM stdin;
35b1ca9e3ec6
\.


--
-- Data for Name: customers; Type: TABLE DATA; Schema: public; Owner: kat
--

COPY public.customers (id, first_name, last_name, address, phone) FROM stdin;
1	Kat	K.	home	kkk-kkk-kkkk
2	Bboy	B.	bboys home	bbb-bbb-bbbb
\.


--
-- Data for Name: menu_items; Type: TABLE DATA; Schema: public; Owner: kat
--

COPY public.menu_items (id, provider_id, name, description, price, image_link) FROM stdin;
1	1	Salmon Avocado Roll	Salmon	5.99000000000000021	https://media.giphy.com/media/3og0IJD4VvwWc7ZepO/giphy.gif
2	1	Tuna Avocado Roll	Tuna	4.99000000000000021	https://media.giphy.com/media/SuxKy4GcbDbBkl0ypo/giphy.gif
3	2	Hang-ali Yangnyeom Sogalbi	Short rib marinated	41.9500000000000028	https://media.giphy.com/media/XynKEMX8oJo9IL5VOd/giphy.gif
4	2	Dak Gui	Chicken	32.9500000000000028	https://media.giphy.com/media/eynU9e3p7uS08/giphy.gif
5	3	Spaetzle	German pasta	10.0099999999999998	https://media.giphy.com/media/LS9AVZdn3d9XFJXTO0/giphy.gif
6	3	Maultaschen	German pierogi	15.1500000000000004	https://media.giphy.com/media/8L195VilfI3cEj8I0t/giphy.gif
7	4	Pasta Carbonara	Simply good	12	https://media.giphy.com/media/2AbjsquX2K9JC/giphy.gif
8	4	Lasagne	Layers	15	https://media.giphy.com/media/iDIQmTZitjRZCLkq2o/giphy.gif
\.


--
-- Data for Name: order_items; Type: TABLE DATA; Schema: public; Owner: kat
--

COPY public.order_items (order_id, menu_item_id) FROM stdin;
1	1
1	2
1	4
2	7
3	6
3	3
3	8
4	5
4	6
5	2
5	3
\.


--
-- Data for Name: orders; Type: TABLE DATA; Schema: public; Owner: kat
--

COPY public.orders (id, customer_id, status, created_at) FROM stdin;
1	1	eaten	2020-04-22 10:38:00.476178
2	1	in process	2020-04-22 10:38:00.487082
3	2	eaten	2020-04-22 10:38:00.49277
4	2	in process	2020-04-22 10:38:00.499748
5	2	delivered	2020-04-22 10:38:00.504531
\.


--
-- Data for Name: providers; Type: TABLE DATA; Schema: public; Owner: kat
--

COPY public.providers (id, name, address, phone, description, image_link) FROM stdin;
1	Sushi	Sushi Heaven	sss-sss-ssss	Fishy!	https://gph.is/2hKe26d
2	Korean BBQ	Korea Town	kkk-kkk-kkkk	Best food in the world	https://media.giphy.com/media/ZQOEnmxm7vmvK/giphy.gif
3	Deutsche Kueche	Little Germany	ddd-ddd-dddd	Sauerkraut und Bratwurst	https://media.giphy.com/media/dZC1zOwX203KfwfM6Z/giphy.gif
4	Italian	Sicily	iii-iii-iiii	Delicious!	https://media.giphy.com/media/oS2lkrdaq3a3m/giphy.gif
\.


--
-- Name: customers_id_seq; Type: SEQUENCE SET; Schema: public; Owner: kat
--

SELECT pg_catalog.setval('public.customers_id_seq', 2, true);


--
-- Name: menu_items_id_seq; Type: SEQUENCE SET; Schema: public; Owner: kat
--

SELECT pg_catalog.setval('public.menu_items_id_seq', 8, true);


--
-- Name: orders_id_seq; Type: SEQUENCE SET; Schema: public; Owner: kat
--

SELECT pg_catalog.setval('public.orders_id_seq', 5, true);


--
-- Name: providers_id_seq; Type: SEQUENCE SET; Schema: public; Owner: kat
--

SELECT pg_catalog.setval('public.providers_id_seq', 4, true);


--
-- Name: alembic_version alembic_version_pkc; Type: CONSTRAINT; Schema: public; Owner: kat
--

ALTER TABLE ONLY public.alembic_version
    ADD CONSTRAINT alembic_version_pkc PRIMARY KEY (version_num);


--
-- Name: customers customers_pkey; Type: CONSTRAINT; Schema: public; Owner: kat
--

ALTER TABLE ONLY public.customers
    ADD CONSTRAINT customers_pkey PRIMARY KEY (id);


--
-- Name: menu_items menu_items_pkey; Type: CONSTRAINT; Schema: public; Owner: kat
--

ALTER TABLE ONLY public.menu_items
    ADD CONSTRAINT menu_items_pkey PRIMARY KEY (id);


--
-- Name: order_items order_items_pkey; Type: CONSTRAINT; Schema: public; Owner: kat
--

ALTER TABLE ONLY public.order_items
    ADD CONSTRAINT order_items_pkey PRIMARY KEY (order_id, menu_item_id);


--
-- Name: orders orders_pkey; Type: CONSTRAINT; Schema: public; Owner: kat
--

ALTER TABLE ONLY public.orders
    ADD CONSTRAINT orders_pkey PRIMARY KEY (id);


--
-- Name: providers providers_pkey; Type: CONSTRAINT; Schema: public; Owner: kat
--

ALTER TABLE ONLY public.providers
    ADD CONSTRAINT providers_pkey PRIMARY KEY (id);


--
-- Name: menu_items menu_items_provider_id_fkey; Type: FK CONSTRAINT; Schema: public; Owner: kat
--

ALTER TABLE ONLY public.menu_items
    ADD CONSTRAINT menu_items_provider_id_fkey FOREIGN KEY (provider_id) REFERENCES public.providers(id);


--
-- Name: order_items order_items_menu_item_id_fkey; Type: FK CONSTRAINT; Schema: public; Owner: kat
--

ALTER TABLE ONLY public.order_items
    ADD CONSTRAINT order_items_menu_item_id_fkey FOREIGN KEY (menu_item_id) REFERENCES public.menu_items(id);


--
-- Name: order_items order_items_order_id_fkey; Type: FK CONSTRAINT; Schema: public; Owner: kat
--

ALTER TABLE ONLY public.order_items
    ADD CONSTRAINT order_items_order_id_fkey FOREIGN KEY (order_id) REFERENCES public.orders(id);


--
-- Name: orders orders_customer_id_fkey; Type: FK CONSTRAINT; Schema: public; Owner: kat
--

ALTER TABLE ONLY public.orders
    ADD CONSTRAINT orders_customer_id_fkey FOREIGN KEY (customer_id) REFERENCES public.customers(id);


--
-- PostgreSQL database dump complete
--

